#,Category,Career / Job Title,"Hard Skills
(Technical Skills)","Soft Skills
(Personal Skills)","Strengths
(Qualities needed)","Interests & Hobbies
","Experience / Education
"
1,?? Technology & IT,Software Developer,"Programming (Python/Java/C++), Data Structures & Algorithms, OOP, Version Control (Git), Debugging, Software Design Patterns, Database Queries (SQL)","Problem Solving, Attention to Detail, Teamwork, Communication, Time Management, Continuous Learning","Logical Thinking, Patience, Creativity, Analytical Mind, Self-Learning Ability","Coding, Gaming, Open Source Projects, Reading Tech Blogs, Hackathons, Math Puzzles","Internship / Projects (GitHub), B.Tech/BCA/MCA degree, Coding platforms (LeetCode, HackerRank) practice"
2,?? Technology & IT,Full Stack Developer,"HTML/CSS/JS, React/Angular (Frontend), Node.js/Django/Spring (Backend), REST APIs, Databases (MySQL/MongoDB), Docker, Cloud basics","Problem Solving, Collaboration, Communication, Adaptability, Time Management","Versatility, Quick Learning, Systems Thinking, Detail Oriented","Building web projects, UI design, API integration experiments, Watching tech tutorials","Personal web projects, Internship, B.Tech/BCA, Full Stack bootcamp certificates"
3,?? Technology & IT,Frontend Developer,"HTML, CSS, JavaScript, React/Vue/Angular, Responsive Design, Browser DevTools, Figma/design tools","Eye for Design, Communication, Collaboration, Attention to Detail","Creativity, Aesthetics Sense, Pixel Perfection, User Empathy","UI/UX design, Drawing/sketching, Web browsing & analyzing sites, CSS art","Portfolio websites, Internship, B.Tech/BCA, Frontend certification courses"
4,?? Technology & IT,Backend Developer,"Python/Java/Node.js, REST APIs, Databases (SQL/NoSQL), Server Management, Authentication, Caching (Redis), Microservices","Problem Solving, Logical Thinking, Teamwork, Documentation","Systematic Thinking, Reliability, Performance Focus","System design, Database design, Server experiments, Reading tech docs","Backend projects, B.Tech/MCA, Internship, Cloud certifications (AWS/Azure)"
5,?? Technology & IT,Web Developer,"HTML/CSS/JS, CMS (WordPress), Basic Backend, Hosting & Deployment, SEO basics, Responsive Design","Client Communication, Creativity, Problem Solving, Time Management","Versatility, Creative Eye, Quick Learner","Building websites, Blogging, Graphic design, Online business interest","Freelance projects, Online courses, Portfolio, Basic degree or diploma"
6,?? Technology & IT,Mobile App Developer,"Flutter/React Native or Swift/Kotlin, Mobile UI Design, App Store deployment, APIs, Local Storage, Push Notifications","User Experience Focus, Problem Solving, Attention to Detail, Collaboration","Innovation, Mobile-first thinking, Patience for debugging","Using mobile apps critically, Gaming, UI design, Tech gadgets","App projects on Play Store/App Store, Internship, B.Tech, Mobile dev courses"
7,?? Technology & IT,AI Engineer,"Python, Machine Learning, Deep Learning (TensorFlow/PyTorch), NLP, Computer Vision, Model Deployment, Cloud AI services","Research Mindset, Problem Solving, Communication, Collaboration","Curiosity, Math Aptitude, Innovation Drive, Patience","Reading AI papers, Math & statistics, Kaggle competitions, Science interest","B.Tech + M.Tech (AI/ML), Kaggle projects, Research internships, AI certifications"
8,?? Technology & IT,Machine Learning Engineer,"Python, Scikit-learn, TensorFlow/PyTorch, Statistics, Data Preprocessing, Feature Engineering, Model Evaluation","Analytical Thinking, Patience, Research Ability, Communication","Math Strength, Curiosity, Systematic Approach","Statistics, Data analysis, Kaggle challenges, Reading ML papers","B.Tech/M.Tech, ML courses (Coursera/edX), Kaggle portfolio, Internship"
9,?? Technology & IT,Data Scientist,"Python/R, Statistics, Machine Learning, Data Visualization (Matplotlib/Tableau), SQL, Big Data basics, Storytelling with data","Analytical Thinking, Communication, Business Understanding, Curiosity","Pattern Recognition, Logical Mind, Storytelling Ability","Statistics, Data puzzles, Business news, Excel/data analysis","B.Tech/BSc Statistics, Data Science courses, Kaggle, Company internships"
10,?? Technology & IT,Data Analyst,"Excel, SQL, Python/R basics, Tableau/Power BI, Statistics, Data Cleaning, Dashboard creation","Attention to Detail, Communication, Business Acumen, Problem Solving","Organized Mind, Curiosity, Presentation Skills","Numbers & patterns, Excel experiments, Business reports reading","BCA/B.Com/B.Tech, SQL + Excel + Tableau certification, Internship"
11,?? Technology & IT,Cyber Security Analyst,"Network Security, Ethical Hacking basics, SIEM tools, Firewalls, Vulnerability Assessment, Incident Response, Linux","Vigilance, Analytical Thinking, Problem Solving, Communication","Attention to Detail, Curiosity, Ethical Mindset, Stress Handling","Hacking (ethical), CTF competitions, Network experiments, Security news","B.Tech/BCA, CEH/CISSP certifications, Bug bounty programs, Internship"
12,?? Technology & IT,Ethical Hacker,"Penetration Testing, Kali Linux, Network Protocols, Web App Security, OWASP, Metasploit, Social Engineering awareness","Problem Solving, Ethical Thinking, Communication, Patience","Curiosity, Persistence, Attention to Detail, Creativity","CTF challenges, Security research, Hacking news, Programming","CEH/OSCP certification, Bug bounty programs, B.Tech, Security internships"
13,?? Technology & IT,Cloud Engineer,"AWS/Azure/GCP, Linux, Networking, Docker/Kubernetes, Terraform (IaC), Monitoring tools, Security basics","Problem Solving, Teamwork, Communication, Adaptability","Systematic Thinking, Continuous Learning, Detail Focus","Server experiments, Networking, Open source, Cloud tutorials","B.Tech, AWS/Azure/GCP certifications, Cloud internship, Linux practice"
14,?? Technology & IT,DevOps Engineer,"CI/CD (Jenkins/GitHub Actions), Docker, Kubernetes, Linux, Scripting (Bash/Python), Monitoring (Prometheus/Grafana), Cloud","Collaboration, Problem Solving, Communication, Adaptability","Systems Thinking, Automation Mindset, Reliability Focus","Automation projects, Linux experiments, Open source contributions","B.Tech, DevOps certifications, CI/CD pipeline projects, Internship"
15,?? Technology & IT,Hardware Engineer,"Circuit Design, PCB Design (Altium/Eagle), Electronics, Embedded Systems, CAD tools, Component Testing","Attention to Detail, Problem Solving, Patience, Teamwork","Technical Precision, Systematic Thinking, Hands-on Nature","Electronics hobby projects, Arduino/Raspberry Pi, Robotics kits","B.Tech (ECE/EEE), Lab internships, Electronics projects portfolio"
16,?? Technology & IT,Network Engineer,"Routing & Switching (Cisco), TCP/IP, Firewall configuration, VPN, Network Monitoring, CCNA/CCNP knowledge","Problem Solving, Communication, Patience, Teamwork","Systematic Thinking, Attention to Detail, Calm Under Pressure","Networking experiments, Tech gadgets, Infrastructure interest","B.Tech (CSE/ECE), CCNA/CCNP certifications, Internship, Networking lab practice"
17,?? Technology & IT,Database Administrator,"SQL (MySQL/PostgreSQL/Oracle), Database Design, Backup & Recovery, Performance Tuning, Security, NoSQL basics","Attention to Detail, Problem Solving, Organization, Communication","Precision, Reliability, Systematic Nature","Data organization, Excel, Database design puzzles","B.Tech/BCA, Oracle/MySQL certification, DBA internship"
18,?? Technology & IT,Blockchain Developer,"Solidity, Ethereum, Smart Contracts, Web3.js, Cryptography basics, DeFi concepts, NFT development","Problem Solving, Innovation, Analytical Thinking, Teamwork","Technical Curiosity, Innovation Drive, Ethics in Tech","Cryptocurrency interest, Decentralization concepts, Programming","B.Tech, Blockchain courses, Personal smart contract projects, Hackathons"
19,?? Technology & IT,Game Developer,"Unity/Unreal Engine, C#/C++, Game Physics, 3D Modeling basics, Animation, Game Design principles","Creativity, Problem Solving, Teamwork, Attention to Detail","Passion for Gaming, Innovation, Storytelling, Persistence","Gaming (critically), Game design, Programming, 3D art","B.Tech/BCA, Game dev courses, Personal game projects, Game jam participation"
20,?? Technology & IT,Software Tester,"Manual Testing, Automation Testing (Selenium/Cypress), Test Cases, Bug Reporting, API Testing (Postman), SDLC understanding","Attention to Detail, Analytical Thinking, Communication, Patience","Perfectionism, Critical Eye, Methodical Approach","Breaking things (testing mindset), Puzzles, QA processes interest","B.Tech/BCA, ISTQB certification, Testing internship, Automation tool practice"
21,??? Core Engineering,Civil Engineer,"Structural Analysis, AutoCAD, Construction Materials, Survey techniques, Project Estimation, IS Codes knowledge","Problem Solving, Communication, Teamwork, Leadership","Spatial Thinking, Precision, Organized Mind, Responsibility","Building & construction interest, Architecture, Math, Site visits","B.Tech (Civil), Internship at construction firms, Site work experience, AutoCAD certification"
22,??? Core Engineering,Structural Engineer,"Structural Analysis (STAAD Pro/ETABS), RCC Design, Steel Design, Foundation Engineering, Load Calculations","Analytical Thinking, Attention to Detail, Problem Solving, Communication","Mathematical Precision, Logical Mind, Safety Consciousness","Math, Physics, Architecture, Building designs","B.Tech (Civil) + M.Tech (Structural), Design software training, Structural firm internship"
23,??? Core Engineering,Mechanical Engineer,"CAD (SolidWorks/AutoCAD), Thermodynamics, Fluid Mechanics, Manufacturing Processes, Material Science","Problem Solving, Analytical Thinking, Teamwork, Communication","Technical Aptitude, Hands-on Nature, Systematic Thinking","Machines, Cars, Physics experiments, Workshop activities","B.Tech (Mechanical), Workshop internship, CAD certification, Industry exposure"
24,??? Core Engineering,Electrical Engineer,"Circuit Analysis, Power Systems, Electrical Machines, Control Systems, PLC Programming, AutoCAD Electrical","Problem Solving, Attention to Detail, Safety Awareness, Teamwork","Technical Precision, Analytical Mind, Safety Consciousness","Electronics experiments, Physics, Electrical gadgets, DIY projects","B.Tech (EEE), Electrical firm internship, License/certification, Field experience"
25,??? Core Engineering,Electronics Engineer,"Circuit Design, PCB Design, Embedded Systems, Signal Processing, VLSI basics, Oscilloscope use","Analytical Thinking, Problem Solving, Patience, Attention to Detail","Technical Precision, Curiosity, Hands-on Nature","Electronics hobby, Arduino, Circuit building, Physics interest","B.Tech (ECE), Electronics lab internship, Project portfolio, Certification courses"
26,??? Core Engineering,Automobile Engineer,"Vehicle Dynamics, Engine Design, CAD/CAM, Manufacturing, Fuel Systems, EV Technology basics","Problem Solving, Teamwork, Innovation, Attention to Detail","Passion for Vehicles, Technical Aptitude, Innovation Drive","Cars, Bikes, Racing, Mechanical experiments, Auto shows","B.Tech (Mechanical/Auto), Automobile company internship, Industry exposure"
27,??? Core Engineering,Aerospace Engineer,"Aerodynamics, Propulsion Systems, Structural Analysis, Flight Mechanics, CAD, MATLAB","Analytical Thinking, Problem Solving, Precision, Teamwork","Math Aptitude, Scientific Curiosity, Attention to Detail","Aviation, Space, Physics, Astronomy, Model aircraft","B.Tech (Aerospace), ISRO/DRDO internship, Research projects, M.Tech"
28,??? Core Engineering,Robotics Engineer,"Programming (Python/C++), ROS, Sensors & Actuators, Mechanical Design, AI/ML basics, Control Systems","Problem Solving, Creativity, Teamwork, Analytical Thinking","Innovation, Technical Curiosity, Interdisciplinary Thinking","Robotics kits, AI interest, Electronics, Sci-fi, STEM competitions","B.Tech (Mechanical/ECE/CSE), Robotics lab work, Competition participation, Research internship"
29,??? Core Engineering,Industrial Engineer,"Operations Research, Process Optimization, Lean Manufacturing, Six Sigma, ERP systems, Statistical Analysis","Analytical Thinking, Problem Solving, Communication, Leadership","Efficiency Mindset, Systematic Thinking, Process Orientation","Process improvement, Statistics, Manufacturing interest, Operations","B.Tech (Industrial/Mechanical), Six Sigma certification, Manufacturing internship"
30,??? Core Engineering,Production Engineer,"Manufacturing Processes, Quality Control, CNC Programming, CAD/CAM, Lean Manufacturing, Production Planning","Attention to Detail, Problem Solving, Leadership, Communication","Efficiency Focus, Hands-on Nature, Organized Mind","Factory/manufacturing interest, Machine operations, Process improvement","B.Tech (Mechanical/Production), Factory internship, Quality certification"
31,??? Core Engineering,Petroleum Engineer,"Reservoir Engineering, Drilling Technology, Well Logging, Petroleum Geology, Thermodynamics, Simulation software","Problem Solving, Analytical Thinking, Physical Stamina, Teamwork","Technical Aptitude, Risk Assessment, Field Adaptability","Earth sciences, Geography, Chemistry, Energy sector interest","B.Tech (Petroleum), ONGC/oil company internship, Field exposure, M.Tech"
32,??? Core Engineering,Mining Engineer,"Mine Planning, Blasting techniques, Ground Control, Ventilation, Mineral Processing, Safety Regulations","Problem Solving, Physical Stamina, Leadership, Safety Awareness","Courage, Technical Aptitude, Field Adaptability","Geology, Earth sciences, Outdoor activities, Heavy machinery","B.Tech (Mining), Mine internship, Safety certification, Field exposure"
33,??? Government & Public Service,IAS Officer,"Administrative Law, Policy Making, Public Finance, Government Schemes knowledge, Report Writing, MS Office","Leadership, Communication, Decision Making, Empathy, Problem Solving, Integrity","Strong Ethics, Leadership Ability, Mass Communication, Resilience, Vision","Current affairs, Politics, Social issues, Reading books (history/polity), Debate, Community service","UPSC Civil Services Exam, Any bachelor's degree, Optional subject mastery, Essay & answer writing practice"
34,??? Government & Public Service,IPS Officer,"Criminal Law (IPC/CrPC), Investigation Techniques, Forensic basics, Leadership, Physical Fitness, Firearms handling","Leadership, Decision Making under Pressure, Empathy, Communication, Integrity","Courage, Physical & Mental Toughness, Strong Ethics, Command Ability","Current affairs, Crime news, Law interest, Physical fitness, Social justice","UPSC Civil Services Exam, Any bachelor's degree, Physical fitness training, IPS specific training at Sardar Patel Police Academy"
35,??? Government & Public Service,IFS Officer,"International Relations, Diplomacy, Foreign Languages, Protocol, Treaty knowledge, Report Writing","Communication, Cultural Sensitivity, Negotiation, Adaptability, Integrity","Global Mindset, Linguistic Ability, Diplomatic Temperament, Resilience","World politics, International news, Languages, Travel, Culture","UPSC Civil Services Exam, Any bachelor's degree, Foreign language learning, FSOI training"
36,??? Government & Public Service,IRS Officer,"Taxation Law (Income Tax/GST), Financial Analysis, Audit, Investigation, Accounting principles","Analytical Thinking, Integrity, Communication, Attention to Detail","Honesty, Methodical Mind, Numerical Aptitude","Finance, Economics, Tax policies, Accounts, Business news","UPSC Civil Services Exam, Any bachelor's degree (commerce preferred), Tax law knowledge"
37,??? Government & Public Service,Group 1 Officer,"AP/Telangana State Acts, Revenue Administration, Local Governance, Report Writing, Government Schemes","Leadership, Communication, Problem Solving, Integrity, Public Service mindset","Strong Ethics, Service Orientation, Decision Making, Resilience","Current affairs (state level), Telugu culture, Social issues, Public welfare","APPSC/TSPSC Group 1 Exam, Any bachelor's degree, State-specific preparation"
38,??? Government & Public Service,Group 2 Officer,"General knowledge, Telugu history & culture, State government functions, Basic administration","Communication, Problem Solving, Integrity, Teamwork","Service Mindset, Organized Nature, Reliability","Current affairs, Telugu culture, Government jobs interest, Reading","APPSC/TSPSC Group 2 Exam, Any bachelor's degree, Coaching for exam preparation"
39,??? Government & Public Service,Police Officer,"Criminal Law (IPC/CrPC), First Aid, Traffic Management, Physical Fitness, Crowd Control, Investigation basics","Courage, Communication, Leadership, Decision Making, Empathy","Physical Fitness, Courage, Ethics, Community Service mindset","Physical fitness, Social justice, Law & order interest, Community welfare","State Police SI/Constable exam, Physical tests, Training at Police Academy"
40,??? Government & Public Service,Railway Officer,"Railway Operations, Engineering basics, Traffic & Transportation, Safety Protocols, Government administration","Leadership, Problem Solving, Communication, Teamwork","Organizational Ability, Systematic Thinking, Reliability","Transportation, Engineering, Government services, Trains/infrastructure","UPSC/RRB NTPC/Group B exams, Engineering degree (for technical posts), Training at Railway institutes"
41,??? Government & Public Service,Banking Officer,"Banking products & services, Financial Analysis, Credit Assessment, RBI regulations, Computer proficiency, Customer service","Communication, Numerical Aptitude, Problem Solving, Integrity","Trustworthiness, Numerical Ability, Customer Focus, Reliability","Finance, Economics, Math, Banking news, Stock market","IBPS PO/SBI PO exam, Any bachelor's degree, Banking awareness preparation"
42,??? Government & Public Service,Revenue Officer,"Land Records (ROR), Revenue Laws, Survey & Settlement, Government land administration","Integrity, Communication, Problem Solving, Empathy","Honesty, Systematic Thinking, Community Service","Land administration, Rural areas, Government schemes, Social welfare","State Revenue department exam (RI/Tahsildar), Any degree, Revenue law knowledge"
43,??? Government & Public Service,Municipal Commissioner,"Urban Administration, Infrastructure Planning, Finance & Budgeting, Public Health, Policy Implementation","Leadership, Communication, Decision Making, Public Service mindset","Vision, Organizational Ability, Strong Ethics, Resilience","Urban development, City planning, Social issues, Public administration","UPSC/State PSC (IAS cadre mostly), Engineering/Law/Management background beneficial"
44,??? Government & Public Service,Secretariat Officer,"Government procedures, File Noting, Report Writing, Policy drafting, MS Office proficiency","Communication, Attention to Detail, Organization, Integrity","Methodical Nature, Reliability, Discretion","Government functions, Administration, Reading, Organized work","State Secretariat exam (APPSC/TSPSC), Any degree, Government awareness"
45,???? Defence & Nation Service,Army Officer,"Military tactics, Weapons handling, Map reading, Leadership training, Physical fitness, First Aid, Communication equipment","Leadership, Courage, Teamwork, Discipline, Decision Making under Pressure","Patriotism, Physical Strength, Mental Toughness, Sacrifice, Leadership","Physical fitness, Patriotism, Outdoor activities, Leadership, Strategy games","NDA/CDS exam, Any bachelor's degree (for CDS), Physical fitness training, IMA/OTA training"
46,???? Defence & Nation Service,Navy Officer,"Naval navigation, Marine engineering basics, Weapons systems, Seamanship, Meteorology, Communication","Leadership, Teamwork, Courage, Adaptability, Decision Making","Physical Fitness, Patriotism, Adaptability to Sea life, Mental Toughness","Ocean/sea interest, Physics, Geography, Adventure activities, Patriotism","NDA/CDS/INET exam, Engineering degree preferred, INS training"
47,???? Defence & Nation Service,Air Force Officer,"Aeronautics, Aviation principles, Aircraft systems, Navigation, Physics, Communication protocols","Quick Decision Making, Teamwork, Focus, Courage, Leadership","Spatial Intelligence, Quick Reflexes, Focus, Patriotism","Aviation, Aircraft, Science, Physics, Speed, Adventure","NDA/CDS/AFCAT exam, Physics & Math background, Flying training at AFA Hyderabad"
48,???? Defence & Nation Service,Coast Guard Officer,"Maritime law, Sea navigation, Search & Rescue, Marine environment protection, Anti-smuggling operations","Courage, Physical Fitness, Teamwork, Quick Decision Making","Sea Adaptability, Physical Toughness, Patriotism, Environmental Awareness","Ocean, Marine life, Environment, Adventure, Water sports","Coast Guard recruitment exam, Physical fitness, Training at Coast Guard Academy"
49,???? Defence & Nation Service,Fire Officer,"Firefighting techniques, Rescue operations, Fire safety standards, First Aid, Hazmat handling, Emergency response","Courage, Physical Fitness, Quick Decision Making, Teamwork","Bravery, Physical Toughness, Calmness under Pressure, Service Mindset","Emergency services, Physical fitness, Community service, Rescue operations","Fire Service recruitment exam, Physical training, Fire Academy training"
50,???? Defence & Nation Service,Disaster Management Officer,"Emergency planning, Risk Assessment, Search & Rescue, First Aid, Crisis Communication, GIS basics","Leadership, Quick Decision Making, Communication, Empathy, Physical Fitness","Calm under Pressure, Compassion, Organizational Ability, Resilience","Social welfare, Emergency services, Community help, Geography","Any degree + NDMA courses, State disaster management training, Internship with SDMA/NDRF"
51,???? Defence & Nation Service,Intelligence Officer,"Surveillance techniques, Data Analysis, Cryptography basics, Foreign language, Report Writing, Investigation","Sharp Observation, Critical Thinking, Discretion, Adaptability","Sharp Mind, Secrecy, Patriotism, Analytical Intelligence","Puzzles, Investigation, Language learning, Current affairs, Strategy","UPSC/SSC/Defence recruitment, Special training at intelligence bureaus"
52,???? Defence & Nation Service,Paramilitary Officer,"Weapon handling, Physical Fitness, Crowd Control, First Aid, Counter-terrorism basics, Map Reading","Courage, Leadership, Teamwork, Discipline, Physical Fitness","Physical Toughness, Patriotism, Discipline, Sacrifice","Physical fitness, Patriotism, Security, Community protection","CAPF/CRPF/BSF exam, Physical fitness training, Para-military training school"
53,?? Healthcare & Medicine,Doctor,"Medical knowledge (anatomy, physiology, pharmacology), Clinical skills, Diagnosis, Patient examination, Medical procedures","Empathy, Communication, Critical Thinking, Decision Making, Patience, Emotional Intelligence","Compassion, Precision, Calm Under Pressure, Continuous Learning Drive","Biology/science interest, Helping others, Reading medical journals, Social service","MBBS (NEET entrance), 5.5 years degree + 1 year internship, PG (MD/MS) optional"
54,?? Healthcare & Medicine,Surgeon,"Surgical techniques (specialty specific), Anatomy mastery, Anesthesia knowledge, Instrument handling, Post-op care","Precision, Decision Making, Physical Stamina, Calm Under Pressure, Teamwork","Steady Hands, Focus, Courage, Compassion, Physical Stamina","Biology, Precision work (crafts), Medical science, Helping patients","MBBS + MS/MCh (surgery specialty), Super-specialization, Residency training"
55,?? Healthcare & Medicine,Dentist,"Dental procedures (fillings, extractions, root canal), Dental anatomy, X-ray interpretation, Oral surgery basics","Attention to Detail, Communication, Patience, Manual Dexterity","Precise Hands, Patience, Empathy, Business Sense (for clinic)","Biology, Helping people, Precision work, Art/crafts","BDS (NEET entrance), 5 years + 1 year internship, MDS optional"
56,?? Healthcare & Medicine,Nurse,"Patient care, Medication administration, Vital signs monitoring, Wound care, Medical equipment use, First Aid","Empathy, Communication, Teamwork, Patience, Resilience","Compassion, Physical Stamina, Calm Nature, Service Mindset","Caring for others, Biology, Social service, Community health","BSc Nursing / GNM diploma, Hospital internship, State Nursing Council registration"
57,?? Healthcare & Medicine,Physiotherapist,"Anatomy & Kinesiology, Exercise therapy, Manual therapy, Electrotherapy, Rehabilitation techniques","Empathy, Communication, Patience, Physical Stamina","Compassion, Motivating Others, Physical Strength, Patience","Sports, Human body, Exercise, Helping injured people, Biology","BPT (Bachelor of Physiotherapy), 4.5 years + internship, MCC registration"
58,?? Healthcare & Medicine,Pharmacist,"Drug knowledge (pharmacology), Dispensing, Drug interactions, Inventory management, Prescription reading","Attention to Detail, Communication, Customer Service, Integrity","Precision, Trustworthiness, Organized Nature, Chemical Aptitude","Chemistry, Biology, Drug science, Healthcare systems","B.Pharm / D.Pharm, Pharmacy Council registration, Hospital or retail pharmacy experience"
59,?? Healthcare & Medicine,Nutritionist,"Food science, Dietetics, Nutritional assessment, Meal planning, Medical nutrition therapy, Body composition analysis","Empathy, Communication, Persuasion, Patience","Health Passion, Scientific Mindset, Motivating Others","Food, Health, Cooking, Fitness, Biology, Social media (health content)","BSc Nutrition & Dietetics / MSc, Hospital or clinic internship, Certification"
60,?? Healthcare & Medicine,Psychologist,"Psychological assessment, Counseling techniques, CBT, Diagnosis (DSM), Research methods, Report writing","Empathy, Active Listening, Communication, Patience, Emotional Intelligence","Non-Judgmental Nature, Deep Empathy, Analytical Mind, Emotional Stability","Human behavior, Philosophy, Listening to people, Social sciences, Reading","BA/BSc Psychology + MA/MSc Psychology, Supervised clinical practice, RCI registration"
61,?? Healthcare & Medicine,Psychiatrist,"Mental health diagnosis (ICD/DSM), Psychopharmacology, Psychotherapy, Patient assessment, Crisis management","Empathy, Communication, Decision Making, Patience, Emotional Regulation","Compassion, Emotional Stability, Non-Judgmental Nature, Analytical Mind","Human mind, Mental health awareness, Reading, Social service, Biology","MBBS + MD Psychiatry (NEET PG), Clinical training, MCI registration"
62,?? Healthcare & Medicine,Medical Lab Technician,"Lab equipment operation, Sample collection, Blood tests, Culture & sensitivity, Quality control, Report preparation","Attention to Detail, Accuracy, Teamwork, Communication","Precision, Scientific Mindset, Methodical Nature","Biology, Chemistry, Lab work, Science experiments","BMLT / DMLT diploma, Lab internship, Registration with competent authority"
63,?? Healthcare & Medicine,Radiologist,"X-ray/CT/MRI interpretation, Ultrasound, Radiation safety, Anatomy mastery, Report writing, PACS systems","Analytical Thinking, Attention to Detail, Communication, Precision","Sharp Visual Perception, Analytical Mind, Precision, Patience","Biology, Physics, Medical imaging, Analytical puzzles","MBBS + MD Radiology (NEET PG), Residency training, MCI registration"
64,?? Healthcare & Medicine,Occupational Therapist,"Functional assessment, Adaptive equipment, Activity planning, Sensory integration, Rehabilitation techniques","Empathy, Creativity, Communication, Patience","Compassion, Creativity, Problem Solving, Motivating Others","Helping disabled people, Art/craft, Human development, Social service","BOT (Bachelor of Occupational Therapy), 4.5 years + internship, AIOT registration"
65,?? Creative & Design,Graphic Designer,"Adobe Photoshop, Illustrator, InDesign, Typography, Color Theory, Layout Design, Branding principles","Creativity, Attention to Detail, Client Communication, Time Management","Visual Creativity, Aesthetic Sense, Patience, Versatility","Drawing, Art, Typography, Visiting design blogs, Photography, Visual media","BFA/BDes or online certification, Portfolio (Behance/Dribbble), Freelance work, Studio internship"
66,?? Creative & Design,UI/UX Designer,"Figma/Adobe XD, User Research, Wireframing, Prototyping, Usability Testing, Design Thinking, HTML/CSS basics","Empathy, Communication, Problem Solving, Creativity, Collaboration","User Empathy, Creative Thinking, Analytical Mind, Attention to Detail","Analyzing apps/websites, Psychology, Art, Tech, Problem solving","BDes/B.Tech, UX certification (Google/Interaction Design Foundation), Portfolio, Internship"
67,?? Creative & Design,Animator,"Adobe Animate, After Effects, 3D software (Maya/Blender), Storyboarding, Timing & Motion, Character Design","Creativity, Patience, Attention to Detail, Storytelling","Visual Creativity, Storytelling Ability, Patience, Technical Aptitude","Drawing, Movies/cartoons, Storytelling, Gaming, Art","BFA/Diploma in Animation, Portfolio (showreel), Studio internship, Personal animation projects"
68,?? Creative & Design,Illustrator,"Drawing skills, Procreate/Adobe Illustrator, Color Theory, Character Design, Visual Storytelling, Digital painting","Creativity, Attention to Detail, Communication, Time Management","Artistic Talent, Visual Imagination, Patience, Versatility","Drawing, Books, Comics, Storytelling, Nature, Fantasy","BFA or self-taught, Portfolio (Instagram/Behance), Freelance illustration work"
69,?? Creative & Design,Fashion Designer,"Textile knowledge, Pattern Making, Sketching, Sewing, Trend Research, Adobe Illustrator, Fashion history","Creativity, Attention to Detail, Business Sense, Communication","Aesthetic Sense, Trend Awareness, Creativity, Business Mindset","Fashion, Clothes, Art, Trends, Shopping, Cultural aesthetics","BDes (Fashion) from NIFT/NID, Internship with fashion brand, Portfolio, Fashion week participation"
70,?? Creative & Design,Interior Designer,"AutoCAD/SketchUp/3ds Max, Space Planning, Color Theory, Material knowledge, Lighting design, Client presentation","Creativity, Communication, Project Management, Attention to Detail","Visual Creativity, Aesthetic Sense, Spatial Intelligence, Client Management","Home decor, Architecture, Art, Shopping for furniture, Real estate shows","BDes (Interior) or B.Arch, Software training, Portfolio, Internship with design firm"
71,?? Creative & Design,Product Designer,"CAD (SolidWorks), Design Thinking, Prototyping, Material Science, User Research, Manufacturing basics","Creativity, Problem Solving, User Empathy, Teamwork","Innovation, Functional Creativity, User Focus, Technical Aptitude","Product usage analysis, Innovation, Engineering, Art, Shopping behaviors","BDes/B.Tech, Portfolio of product concepts, Internship with design studio or company"
72,?? Creative & Design,Video Editor,"Adobe Premiere Pro, After Effects, DaVinci Resolve, Color Grading, Audio editing, Storytelling, Motion Graphics","Creativity, Attention to Detail, Communication, Time Management","Visual Storytelling, Patience, Aesthetic Eye, Technical Aptitude","Movies, YouTube, Gaming content, Storytelling, Music","Online courses + practice, Portfolio (YouTube/Vimeo), Freelance editing, Studio internship"
73,?? Creative & Design,Photographer,"Camera operation (DSLR/mirrorless), Composition, Lighting, Photo editing (Lightroom/Photoshop), Various photography types","Creativity, Attention to Detail, Communication, Patience","Visual Creativity, Patience, Keen Observation, Aesthetic Sense","Photography, Travel, Nature, Art, People/portrait interest","Photography courses, Personal portfolio, Assisting established photographers, Freelance work"
74,?? Media & Entertainment,Content Creator,"Video/photo creation, Script writing, Social media algorithms, Basic video editing, SEO basics, Analytics understanding","Creativity, Communication, Consistency, Adaptability","Authenticity, Creativity, Persistence, Self-Motivation","Social media, Storytelling, Particular niche (tech/comedy/education etc.), Performing","Self-built audience, Consistent posting practice, Platform-specific knowledge"
75,?? Media & Entertainment,YouTuber,"Video production, Scripting, Video editing (Premiere/DaVinci), Thumbnail design, YouTube SEO, Analytics","Creativity, Consistency, Communication, Audience Understanding","Storytelling Ability, Persistence, Authenticity, Niche Expertise","Video creation, Watching YouTube critically, Storytelling, Teaching/entertaining","Channel building, Consistent content, YouTube Creator Academy training"
76,?? Media & Entertainment,Journalist,"News Writing (5 W's & H), Reporting, Interview techniques, Research, Fact-checking, AP/Telugu style guide","Communication, Curiosity, Integrity, Critical Thinking, Persistence","Curiosity, Ethical Mindset, Strong Language Skills, Courage","Current affairs, Reading newspapers, Writing, Social issues, Investigating","BA/MA Journalism & Mass Communication, Internship at newspaper/channel, Beat reporting experience"
77,?? Media & Entertainment,News Anchor,"News reading, Teleprompter use, Live reporting, Interview skills, Pronunciation, On-camera presence","Communication, Confidence, Composure, Quick Thinking","Clear Diction, Composure, Attractive Personality, Quick Thinking","Current affairs, Drama/theatre, Public speaking, Debate, TV news watching","BA Journalism/Mass Comm, News anchoring training, Internship at news channel"
78,?? Media & Entertainment,Radio Jockey,"Voice modulation, Script writing, Music knowledge, Interview techniques, Audio equipment, Live broadcasting","Communication, Creativity, Quick Thinking, Adaptability","Engaging Voice, Humor, Quick Wit, Warmth","Music, Talking, Entertainment, Current affairs, Comedy","Mass Communication degree or diploma, RJ training programs, Demo tape creation, Radio station internship"
79,?? Media & Entertainment,Actor,"Acting techniques (Stanislavski/Method), Dialogue delivery, Body language, Character analysis, Script reading","Emotional Intelligence, Communication, Discipline, Teamwork","Emotional Range, Physical Expression, Memorization, Courage","Drama, Storytelling, Movies, Mimicry, Stage performance, Reading scripts","Drama school/theatre, Workshops with directors, Auditions, Short film appearances"
80,?? Media & Entertainment,Singer,"Vocal technique, Music theory, Raga knowledge (classical), Recording studio skills, Stage performance, Breath control","Discipline, Communication, Emotional Expression, Persistence","Musical Talent, Emotional Expression, Dedication, Stage Presence","Music, Singing practice, Music events, Various genres listening, Instruments","Vocal training under Guru, Music college (if formal), Performances, Competitions like Sa Re Ga Ma"
81,?? Media & Entertainment,Dancer,"Dance forms (classical/folk/western), Body conditioning, Choreography, Rhythm & music understanding, Stage presence","Discipline, Teamwork, Emotional Expression, Physical Fitness","Physical Grace, Rhythm Sense, Dedication, Expressiveness","Dance, Music, Fitness, Performing, Watching dance shows","Dance academy training, Performances, Competitions (e.g., Dance India Dance), Choreography projects"
82,?? Media & Entertainment,Script Writer,"Story structure, Dialogue writing, Character development, Genre conventions, Screenplay format, Research","Creativity, Observation, Communication, Research Skills","Storytelling Imagination, Empathy, Observation, Persistence","Movies, Reading, Storytelling, Observing people, Drama, Human psychology","Mass Comm / Literature degree, Script workshops, Short film scripts, Writing portfolio"
83,?? Media & Entertainment,Film Director,"Cinematography basics, Screenplay analysis, Production management, Actor direction, Editing understanding, Visual storytelling","Leadership, Creative Vision, Communication, Decision Making","Creative Vision, Leadership, Storytelling, Collaboration","Movies (critically watching), Photography, Literature, Theatre, Visual arts","Film school (FTII/Satyajit Ray) or self-learning, Short film direction, Assistant director experience"
84,?? Media & Entertainment,Cinematographer,"Camera operation, Lighting design, Lens knowledge, Color grading, Shot composition, DIT skills","Creativity, Technical Aptitude, Teamwork, Attention to Detail","Visual Creativity, Technical Precision, Aesthetic Sense","Photography, Movies (visually), Art, Light & shadow, Tech gadgets","Film school or photography background, Camera assistant experience, Short film work, Portfolio"
85,?? Education & Research,Teacher,"Subject expertise, Lesson planning, Classroom management, Assessment design, Basic computer skills, Communication","Patience, Communication, Empathy, Creativity, Adaptability","Love for Teaching, Patience, Inspiring Ability, Dedication","Helping others learn, Subject passion, Reading, Storytelling, Children","B.Ed degree, Subject bachelor's degree, TET/CTET qualification, Teaching practice"
86,?? Education & Research,Professor,"Deep subject expertise, Research methodology, Academic writing, Lecture skills, Curriculum design, Mentoring","Communication, Research Aptitude, Patience, Leadership","Intellectual Curiosity, Deep Knowledge, Inspiring Others, Research Drive","Deep subject interest, Research, Academic writing, Teaching, Debate","PhD in subject, NET/SET qualification, Research publications, University appointment"
87,?? Education & Research,Research Scientist,"Research methodology, Data analysis, Scientific writing, Lab techniques, Statistical tools, Grant writing","Analytical Thinking, Curiosity, Patience, Communication, Integrity","Intellectual Curiosity, Perseverance, Critical Mind, Attention to Detail","Deep subject interest, Experiments, Reading research papers, Problem solving","MSc/M.Tech + PhD, Research publications, Fellowship/grant experience, Lab work"
88,?? Education & Research,Career Counselor,"Career assessment tools, Counseling techniques, Education system knowledge, Job market trends, Communication","Empathy, Communication, Active Listening, Guidance Ability","Empathy, Broad Knowledge, Motivating Others, Non-Judgmental Nature","Helping students, Psychology, Career development, Human potential","Counseling degree/certification, Psychology background, Counseling practice hours"
89,?? Business & Management,Entrepreneur,"Business planning, Financial literacy, Marketing, Sales, Leadership, Product development, Networking","Risk Taking, Leadership, Communication, Resilience, Vision","Innovation, Risk Tolerance, Leadership, Persistence, Vision","Business ideas, Market observation, Problem solving, Innovation, Economics","Any degree (not mandatory), Startup internship/experience, Business competitions, Mentorship"
90,?? Business & Management,Business Analyst,"Requirements gathering, Process mapping, Data analysis, SQL, Excel, Stakeholder management, Documentation","Analytical Thinking, Communication, Problem Solving, Attention to Detail","Analytical Mind, Communication Bridge Building, Process Thinking","Business processes, Data analysis, Problem solving, Systems thinking","BBA/B.Tech + MBA, BA certification (CBAP), Internship, Business analysis projects"
91,?? Business & Management,HR Manager,"Recruitment, Labor Law, Performance management, HRIS systems, Training & development, Compensation design","Empathy, Communication, Leadership, Conflict Resolution, Integrity","People Orientation, Empathy, Fair Judgment, Confidentiality","Human behavior, Psychology, Helping people, Organizational culture","MBA HR / BBA, SHRM certification, HR internship, Labor law knowledge"
92,?? Business & Management,Marketing Specialist,"Market research, Digital marketing, Content strategy, SEO/SEM, Social media, Analytics (Google Analytics), Branding","Creativity, Communication, Analytical Thinking, Adaptability","Creative Thinking, Trend Awareness, Persuasion, Data-Driven Mindset","Social media, Consumer behavior, Trends, Writing, Business","MBA Marketing / BBA, Digital marketing certifications, Campaign portfolio, Internship"
93,?? Business & Management,Project Manager,"Project planning, Risk management, MS Project/Jira, Agile/Scrum, Budgeting, Stakeholder management","Leadership, Communication, Problem Solving, Organization, Adaptability","Organizational Ability, Leadership, Accountability, Systems Thinking","Planning, Organization, Team activities, Problem solving, Leadership","MBA / B.Tech, PMP certification, Agile/Scrum certification, Project experience"
94,?? Business & Management,Product Manager,"Product roadmapping, User research, Data analysis, Agile, Wireframing basics, Prioritization frameworks","Communication, Leadership, Analytical Thinking, Empathy, Decision Making","Vision, Empathy for Users, Cross-functional Thinking, Business Sense","Product usage analysis, User behavior, Business + tech intersection","MBA + tech experience or B.Tech, PM courses, Product strategy practice"
95,?? Finance & Commerce,Chartered Accountant,"Financial Accounting, Taxation (Income Tax/GST), Auditing, Cost Accounting, Financial Reporting, Tally/SAP","Analytical Thinking, Attention to Detail, Integrity, Communication","Numerical Aptitude, Precision, Honesty, Methodical Nature","Accounts, Finance, Tax, Numbers, Business news, Economics","CA Foundation ? Intermediate ? Final (ICAI), 3-year articleship, Passing all 3 levels"
96,?? Finance & Commerce,Investment Banker,"Financial modeling, Valuation techniques, M&A knowledge, Excel, Capital markets, Pitch deck creation","Analytical Thinking, Communication, Networking, High Pressure Work","Numerical Intelligence, Competitive Drive, Resilience, Networking","Finance, Stock markets, Business deals, Economics, Competition","MBA Finance (IIM/top college), CFA certification, Investment banking internship"
97,?? Finance & Commerce,Financial Analyst,"Financial modeling, Ratio analysis, Excel, Bloomberg terminal, Report writing, Valuation, Forecasting","Analytical Thinking, Communication, Attention to Detail, Research","Numerical Aptitude, Analytical Mind, Research Drive","Finance, Economy, Stock markets, Business news, Numbers","BBA/B.Com + MBA Finance, CFA certification, Financial analyst internship"
98,?? Finance & Commerce,Stock Broker,"Stock market knowledge, Technical analysis, Fundamental analysis, SEBI regulations, Trading platforms, Risk management","Analytical Thinking, Decision Making, Communication, Emotional Control","Risk Tolerance, Numerical Aptitude, Cool Under Pressure, Research","Stock markets, Finance news, Economics, Trading, Business","NISM certification (mandatory), SEBI registration, Finance degree, Broking firm experience"
99,?? Law & Administration,Lawyer,"Legal knowledge (IPC/CrPC/CPC/Constitution), Legal drafting, Case research, Courtroom advocacy, Contract law","Communication, Critical Thinking, Persuasion, Attention to Detail, Empathy","Logical Mind, Confidence, Strong Ethics, Memory, Justice Sense","Debate, Current affairs, Reading, Social justice, Arguing logically, History","LLB / BA LLB, Bar Council enrollment, AIBE, Senior advocate internship"
100,?? Law & Administration,Judge,"Deep legal knowledge, Judicial reasoning, Evidence evaluation, Judgment writing, Constitutional interpretation","Impartiality, Analytical Thinking, Communication, Integrity, Patience","Absolute Integrity, Impartiality, Wisdom, Patience, Strong Ethics","Law, Justice, Philosophy, Reading, Social issues, Debate",LLB + 7 years practice ? Judicial Services Exam / Elevated from senior advocate / UPSC
101,?? Law & Administration,Legal Advisor,"Corporate law, Contract drafting, Compliance, Litigation support, Legal research, Risk assessment","Communication, Analytical Thinking, Attention to Detail, Integrity","Trustworthiness, Analytical Mind, Communication, Problem Solving","Business law, Contract analysis, Corporate world, Finance, Risk","LLB, Bar Council, Corporate law experience, Company-specific legal training"
102,?? Law & Administration,Company Secretary,"Company Law (Companies Act), SEBI regulations, Board meeting management, Secretarial audit, Compliance, ROC filings","Attention to Detail, Communication, Integrity, Organization","Precision, Trustworthiness, Organized Nature, Legal Aptitude","Corporate governance, Law, Finance, Business compliance, Organized work","CS Foundation ? Executive ? Professional (ICSI), Training, ACS qualification"
103,?? Agriculture & Environment,Agricultural Officer,"Crop science, Soil science, Agricultural schemes, Extension services, Pest management, Irrigation techniques","Communication, Problem Solving, Empathy, Field Work Ability","Service Mindset, Practical Knowledge, Farmer Empathy, Field Orientation","Farming, Rural life, Nature, Plant science, Social service","BSc Agriculture, State Agriculture department exam (APPSC/TSPSC), Field extension work"
104,?? Agriculture & Environment,Environmental Scientist,"Environmental assessment, GIS, Data analysis, Environmental laws, Field sampling, Report writing","Analytical Thinking, Communication, Problem Solving, Field Work","Environmental Passion, Scientific Mind, Field Adaptability, Ethics","Nature, Ecology, Climate change, Field trips, Science","BSc/MSc Environmental Science, Research internship, Field work experience"
105,?? Agriculture & Environment,Forest Officer,"Forest laws, Wildlife management, Tree identification, GIS/remote sensing, Fire management","Physical Fitness, Leadership, Communication, Environmental Ethics","Nature Love, Physical Fitness, Conservation Ethics, Leadership","Nature, Wildlife, Trekking, Ecology, Conservation","BSc Forestry, State Forest Service Exam (APPSC), Physical fitness, IFS exam for IFS cadre"
106,?? Travel & Hospitality,Pilot,"Aviation principles, Aircraft systems, Navigation, Meteorology, Air traffic communication, Instrument flying","Quick Decision Making, Focus, Teamwork, Communication, Composure","Spatial Intelligence, Quick Reflexes, Composure, Responsibility","Aviation, Aircraft, Physics, Travel, Adventure, Speed","Class 12 (PCM), CPL license (DGCA), Flying hours (200+ for CPL), Medical fitness"
107,?? Travel & Hospitality,Hotel Manager,"Hospitality management, Front office operations, F&B management, Revenue management, Customer service, HR basics","Leadership, Communication, Problem Solving, Customer Focus, Adaptability","Hospitality Mindset, Leadership, Attention to Detail, Cultural Sensitivity","Travel, Food, Hospitality, Cultural exchange, People management","BHM (IHM), Hotel internship, Front-line hospitality experience, Management training"
109,?? Sports & Fitness,Athlete,"Sport-specific technical skills, Physical conditioning, Strength & stamina training, Game strategy, Recovery techniques","Discipline, Teamwork (for team sports), Mental Toughness, Adaptability","Physical Talent, Dedication, Mental Strength, Competitive Drive","Specific sport, Fitness, Competition, Winning, Physical activity","Early training (district/state level), Coach mentorship, Competition exposure, SAI/sports academy"
110,?? Sports & Fitness,Coach,"Sport-specific expertise, Training methodology, Sports psychology basics, Video analysis, Physical conditioning","Leadership, Communication, Empathy, Patience, Motivating Others","Sports Passion, Teaching Ability, Leadership, Patience, Motivator","Specific sport, Fitness, Mentoring, Youth development, Strategy","Sports playing career + coaching certifications (NIS), SAI coaching diploma, Practical coaching experience"
111,?? Sports & Fitness,Fitness Trainer,"Exercise science, Nutrition basics, Training program design, Anatomy, Weight training, First Aid","Motivation, Communication, Empathy, Adaptability","Fitness Passion, Motivating Others, Patience, Physical Fitness","Fitness, Gym, Nutrition, Health, Body transformation, Sports","ACE/NASM certification, Gym assistant experience, Anatomy course, Client training portfolio"
112,?? Emerging Careers,AI Prompt Engineer,"LLM knowledge, Prompt crafting techniques, Python basics, API usage, Testing & evaluation, Technical writing","Creativity, Communication, Analytical Thinking, Attention to Detail","Creative Language Use, Systematic Testing, Curiosity about AI","AI tools (ChatGPT/Claude), Language, Writing, Tech experiments, Problem solving","AI certifications, Personal prompt portfolio, API project practice, Continuous AI tool exploration"
113,?? Emerging Careers,Digital Marketing Specialist,"SEO, SEM (Google Ads), Social media marketing, Content marketing, Email marketing, Analytics (GA4), Meta Ads","Creativity, Analytical Thinking, Communication, Adaptability","Trend Awareness, Creative Data Use, Business Sense, Adaptability","Social media, Business, Writing, Trends, Consumer behavior, Tech","Digital marketing certification (Google/HubSpot), Campaign portfolio, Agency internship"
114,?? Emerging Careers,SEO Specialist,"On-page SEO, Off-page SEO, Technical SEO, Keyword research, Google Search Console, Analytics, Content strategy","Analytical Thinking, Communication, Patience, Attention to Detail","Patient Systematic Work, Analytical Mind, Content Understanding","Search engines, Websites, Writing, Analytics, Business growth","SEO certifications, Website ranking projects, Agency experience, Content portfolio"
115,?? Emerging Careers,Social Media Manager,"Content creation, Platform algorithms (Meta/LinkedIn/Twitter), Community management, Analytics, Campaign management, Design basics","Creativity, Communication, Adaptability, Trend Awareness","Creativity, Trend Sensitivity, Consistent Execution, Brand Voice","Social media, Trends, Content creation, Community, Marketing","Social media portfolio, Digital marketing certification, Brand internship, Content management experience"
116,?? Emerging Careers,AR/VR Developer,"Unity/Unreal, C#/C++, 3D modeling (Blender), Spatial computing, ARKit/ARCore, VR hardware knowledge","Creativity, Problem Solving, Teamwork, Technical Aptitude","Spatial Imagination, Innovation Drive, Technical Creativity","Gaming, VR headsets, 3D design, Sci-fi, Immersive experiences","B.Tech/BCA, AR/VR development courses, Personal project portfolio, Game studio internship"
117,?? Emerging Careers,Drone Operator,"Drone flying skills, Navigation, Camera operation, Flight planning software, DGCA regulations, Basic maintenance","Attention to Detail, Technical Aptitude, Calm Under Pressure, Spatial Awareness","Spatial Coordination, Precision, Calm Nature, Technical Aptitude","Flying, Photography, Technology, Aviation, Outdoor activities","DGCA Remote Pilot License (mandatory), Drone flying practice, Photography/survey project experience"
118,?? Emerging Careers,Sustainability Consultant,"Environmental regulations, Carbon footprint analysis, ESG reporting, Renewable energy basics, Life cycle assessment","Analytical Thinking, Communication, Persuasion, Problem Solving","Environmental Passion, Business Sense, Persuasive Nature, Systematic Thinking","Environment, Climate change, Business sustainability, Economics, Social impact","Environmental Science/MBA, Sustainability certifications (LEED/GRI), NGO or corporate ESG experience"
